Workbook

Sheet Summary
A1: Master sheet status — summary
A3: Master sheets | B3: 14
A4: Total rows (ads) | B4: ='Status report'!B16 -> 6926
A5: Competitor analyses completed | B5: ='Status report'!C16 -> 232
A6: Supernova rewrites completed | B6: ='Status report'!D16 -> 232
A7: Both completed | B7: ='Status report'!E16 -> 232
A8: Coverage % | B8: ='Status report'!F16 -> 0.033496968

Sheet Status report
A1: Competitor | B1: Total rows | C1: Competitor analyses done | D1: Supernova rewrites done | E1: Both done | F1: % covered
A2: boldvoice | B2: 156 | C2: 20 | D2: 20 | E2: 20 | F2: =IF(B2=0,0,E2/B2) -> 0.12820513
A3: duolingo | B3: 29 | C3: 20 | D3: 20 | E3: 20 | F3: =IF(B3=0,0,E3/B3) -> 0.68965517
A4: english-seekho | B4: 289 | C4: 24 | D4: 24 | E4: 24 | F4: =IF(B4=0,0,E4/B4) -> 0.083044983
A5: englishbhashi | B5: 1 | C5: 1 | D5: 1 | E5: 1 | F5: =IF(B5=0,0,E5/B5) -> 1
A6: ewa | B6: 1515 | C6: 20 | D6: 20 | E6: 20 | F6: =IF(B6=0,0,E6/B6) -> 0.01320132
A7: fluently | B7: 298 | C7: 20 | D7: 20 | E7: 20 | F7: =IF(B7=0,0,E7/B7) -> 0.067114094
A8: loora | B8: 51 | C8: 20 | D8: 20 | E8: 20 | F8: =IF(B8=0,0,E8/B8) -> 0.39215686
A9: memrise | B9: 2 | C9: 2 | D9: 2 | E9: 2 | F9: =IF(B9=0,0,E9/B9) -> 1
A10: mysivi | B10: 1531 | C10: 20 | D10: 20 | E10: 20 | F10: =IF(B10=0,0,E10/B10) -> 0.013063357
A11: praktika-ai | B11: 1752 | C11: 20 | D11: 20 | E11: 20 | F11: =IF(B11=0,0,E11/B11) -> 0.011415525
A12: speak | B12: 638 | C12: 20 | D12: 20 | E12: 20 | F12: =IF(B12=0,0,E12/B12) -> 0.031347962
A13: speakx | B13: 188 | C13: 20 | D13: 20 | E13: 20 | F13: =IF(B13=0,0,E13/B13) -> 0.10638298
... A15: zinglish | B15: 31 | C15: 5 | D15: 5 | E15: 5 | F15: =IF(B15=0,0,E15/B15) -> 0.16129032
A16: TOTAL | B16: =SUM(B2:B15) -> 6926 | C16: =SUM(C2:C15) -> 232 | D16: =SUM(D2:D15) -> 232 | E16: =SUM(E2:E15) -> 232 | F16: =IF(B16=0,0,E16/B16) -> 0.033496968
